Vehicle,Compartment,Shelf,Item,Expected Qty,Actual Qty,Status,Notes / Action Required
Engine 60,Front — Hose Bays & Crosslays,Trash line · Crosslays · Rear skid loads · ⚠️ No front intake,100 ft Trash Line — Preconnected,1,,,
Engine 60,Front — Hose Bays & Crosslays,Trash line · Crosslays · Rear skid loads · ⚠️ No front intake,"1¾"" Crosslays — 200 ft ×2, Both Preconnected",1,,,
Engine 60,Engineer's Compartment,Left top · Right top · Middle · Bottom,Towels,1,,,
Engine 60,Engineer's Compartment,Left top · Right top · Middle · Bottom,30-Degree Storz Adapter,1,,,
Engine 60,Engineer's Compartment,Left top · Right top · Middle · Bottom,Pickup Tubes for Foam/Gel,1,,,
Engine 60,Engineer's Compartment,Left top · Right top · Middle · Bottom,Reducers — Multiple Sizes,1,,,
Engine 60,Engineer's Compartment,Left top · Right top · Middle · Bottom,Duct Tape,1,,,
Engine 60,Engineer's Compartment,Left top · Right top · Middle · Bottom,SCBA — Self-Contained Breathing Apparatus,1,,,
Engine 60,Engineer's Compartment,Left top · Right top · Middle · Bottom,Extra Air Bottle,1,,,
Engine 60,Engineer's Compartment,Left top · Right top · Middle · Bottom,Foam Nozzle — 125 GPM (Orange),1,,,
Engine 60,Engineer's Compartment,Left top · Right top · Middle · Bottom,Chief Eductor (Foam Eductor),1,,,
Engine 60,Engineer's Compartment,Left top · Right top · Middle · Bottom,"Gated Wye — 2½"" to (2) 1½""",1,,,
Engine 60,Engineer's Compartment,Left top · Right top · Middle · Bottom,Fog Nozzles ×2,1,,,
Engine 60,Engineer's Compartment,Left top · Right top · Middle · Bottom,"Rope to Move Charged 5"" Hose",1,,,
Engine 60,Engineer's Compartment,Left top · Right top · Middle · Bottom,"Adaptors — M2M, F2F, CFD, 2½""→1¾""",1,,,
Engine 60,Engineer's Compartment,Left top · Right top · Middle · Bottom,Eye Protection,1,,,
Engine 60,Engineer's Compartment,Left top · Right top · Middle · Bottom,Hydrant Bag,1,,,
Engine 60,Engineer's Compartment,Left top · Right top · Middle · Bottom,Gate Valve,1,,,
Engine 60,Engineer's Compartment,Left top · Right top · Middle · Bottom,"30 ft of 5"" Hose",1,,,
Engine 60,Engineer's Compartment,Left top · Right top · Middle · Bottom,Smooth Bore Nozzles,1,,,
Engine 60,Middle Compartment — Driver's Side,Hand tools · Nozzles · Entry tools · Deck gun,3 Air Tanks,1,,,
Engine 60,Middle Compartment — Driver's Side,Hand tools · Nozzles · Entry tools · Deck gun,Quartz Light (Side-Mounted),1,,,
Engine 60,Middle Compartment — Driver's Side,Hand tools · Nozzles · Entry tools · Deck gun,Deck Gun Ground Mount,1,,,
Engine 60,Middle Compartment — Driver's Side,Hand tools · Nozzles · Entry tools · Deck gun,Deck Gun Nozzle,1,,,
Engine 60,Middle Compartment — Driver's Side,Hand tools · Nozzles · Entry tools · Deck gun,Halligan Bar,1,,,
Engine 60,Middle Compartment — Driver's Side,Hand tools · Nozzles · Entry tools · Deck gun,Halligan with Gas Turn Off,1,,,
Engine 60,Middle Compartment — Driver's Side,Hand tools · Nozzles · Entry tools · Deck gun,Pickhead Axe / Fire Axe (×2 — Standard + Red),1,,,
Engine 60,Middle Compartment — Driver's Side,Hand tools · Nozzles · Entry tools · Deck gun,Flat Head Axe,1,,,
Engine 60,Middle Compartment — Driver's Side,Hand tools · Nozzles · Entry tools · Deck gun,Sledgehammer / Maul,1,,,
Engine 60,Middle Compartment — Driver's Side,Hand tools · Nozzles · Entry tools · Deck gun,Officer's Tool / Pry Axe,1,,,
Engine 60,Middle Compartment — Driver's Side,Hand tools · Nozzles · Entry tools · Deck gun,K-Tool,1,,,
Engine 60,Middle Compartment — Driver's Side,Hand tools · Nozzles · Entry tools · Deck gun,Cellar Nozzle,1,,,
Engine 60,Middle Compartment — Driver's Side,Hand tools · Nozzles · Entry tools · Deck gun,Piercing Nozzle,1,,,
Engine 60,Middle Compartment — Driver's Side,Hand tools · Nozzles · Entry tools · Deck gun,Fan Hanger,1,,,
Engine 60,Middle Compartment — Driver's Side,Hand tools · Nozzles · Entry tools · Deck gun,Fire Tape,1,,,
Engine 60,Rear Compartment — Driver's Side,10KW Generator · Power tools · Lighting · Ventilation fan,10KW Generator,1,,,
Engine 60,Rear Compartment — Driver's Side,10KW Generator · Power tools · Lighting · Ventilation fan,200 ft Roll of Electrical Cord,1,,,
Engine 60,Rear Compartment — Driver's Side,10KW Generator · Power tools · Lighting · Ventilation fan,B Post Cover,1,,,
Engine 60,Rear Compartment — Driver's Side,10KW Generator · Power tools · Lighting · Ventilation fan,Lights (Scene Lights),1,,,
Engine 60,Rear Compartment — Driver's Side,10KW Generator · Power tools · Lighting · Ventilation fan,Reciprocating Saw (Sawzall),1,,,
Engine 60,Rear Compartment — Driver's Side,10KW Generator · Power tools · Lighting · Ventilation fan,Ventilation Fan,1,,,
Engine 60,Rear Compartment — Driver's Side,10KW Generator · Power tools · Lighting · Ventilation fan,Plug Adaptors (110V Compatible),1,,,
Engine 60,Rear Compartment — Driver's Side,10KW Generator · Power tools · Lighting · Ventilation fan,Cribbing,1,,,
Engine 60,Rear Compartment — Driver's Side,10KW Generator · Power tools · Lighting · Ventilation fan,Small Step Ladder,1,,,
Engine 60,First Compartment — Officer's Side,Water rescue · Foam · Supply hose · Coping tool,Akron Coping Tool (Hose Hoist),1,,,
Engine 60,First Compartment — Officer's Side,Water rescue · Foam · Supply hose · Coping tool,Utility Rope — 100 ft,1,,,
Engine 60,First Compartment — Officer's Side,Water rescue · Foam · Supply hose · Coping tool,Spare Battery,1,,,
Engine 60,First Compartment — Officer's Side,Water rescue · Foam · Supply hose · Coping tool,Synching Rescue Collar,1,,,
Engine 60,First Compartment — Officer's Side,Water rescue · Foam · Supply hose · Coping tool,Mustang Suit,1,,,
Engine 60,First Compartment — Officer's Side,Water rescue · Foam · Supply hose · Coping tool,Water Helmet,1,,,
Engine 60,First Compartment — Officer's Side,Water rescue · Foam · Supply hose · Coping tool,Water Rescue Rope,1,,,
Engine 60,First Compartment — Officer's Side,Water rescue · Foam · Supply hose · Coping tool,Manual Pump Can (Silver Bullet),1,,,
Engine 60,First Compartment — Officer's Side,Water rescue · Foam · Supply hose · Coping tool,Gel Foam,1,,,
Engine 60,First Compartment — Officer's Side,Water rescue · Foam · Supply hose · Coping tool,Oil Dry (Kitty Litter),1,,,
Engine 60,First Compartment — Officer's Side,Water rescue · Foam · Supply hose · Coping tool,Life Vests (×multiple),1,,,
Engine 60,First Compartment — Officer's Side,Water rescue · Foam · Supply hose · Coping tool,"50 ft of 5"" Hose (Second Section)",1,,,
Engine 60,Middle Compartment — Officer's Side,Hand tools · Forcible entry,Small Bolt Cutter,1,,,
Engine 60,Middle Compartment — Officer's Side,Hand tools · Forcible entry,Pig Tool,1,,,
Engine 60,Middle Compartment — Officer's Side,Hand tools · Forcible entry,Sledgehammer / Maul,1,,,
Engine 60,Middle Compartment — Officer's Side,Hand tools · Forcible entry,Pick Head / Fire Axe,1,,,
Engine 60,Middle Compartment — Officer's Side,Hand tools · Forcible entry,Halligan Bar (Officer Side),1,,,
Engine 60,Middle Compartment — Officer's Side,Hand tools · Forcible entry,Flat Head Axe (Officer Side),1,,,
Engine 60,Rear Compartment — Officer's Side,Extinguishers · High Rise · Salvage · Decon,Silver Bullet — Pressurized Water,1,,,
Engine 60,Rear Compartment — Officer's Side,Extinguishers · High Rise · Salvage · Decon,ABC Dry Chemical Extinguisher,1,,,
Engine 60,Rear Compartment — Officer's Side,Extinguishers · High Rise · Salvage · Decon,CO₂ Extinguisher,1,,,
Engine 60,Rear Compartment — Officer's Side,Extinguishers · High Rise · Salvage · Decon,High Rise Pack,1,,,
Engine 60,Rear Compartment — Officer's Side,Extinguishers · High Rise · Salvage · Decon,High Rise Bag,1,,,
Engine 60,Rear Compartment — Officer's Side,Extinguishers · High Rise · Salvage · Decon,Tarps,1,,,
Engine 60,Rear Compartment — Officer's Side,Extinguishers · High Rise · Salvage · Decon,Blanket,1,,,
Engine 60,Rear Compartment — Officer's Side,Extinguishers · High Rise · Salvage · Decon,Tool Box,1,,,
Engine 60,Rear Compartment — Officer's Side,Extinguishers · High Rise · Salvage · Decon,2 Shovels — Scoop & Spade,1,,,
Engine 60,Rear Compartment — Officer's Side,Extinguishers · High Rise · Salvage · Decon,Decontamination Buckets and Soap,1,,,
Engine 60,Rear of Engine,Ladders · Hurst Combi · Ram · Backboards · Hose,Hose Load Record — Clipboard,1,,,
Engine 60,Rear of Engine,Ladders · Hurst Combi · Ram · Backboards · Hose,10 ft Folding Ladder,1,,,
Engine 60,Rear of Engine,Ladders · Hurst Combi · Ram · Backboards · Hose,24 ft Extension Ladder,1,,,
Engine 60,Rear of Engine,Ladders · Hurst Combi · Ram · Backboards · Hose,14 ft Roof Ladder,1,,,
Engine 60,Rear of Engine,Ladders · Hurst Combi · Ram · Backboards · Hose,6 ft Pike Poles ×2 (Top of Ladder Compartment),1,,,
Engine 60,Rear of Engine,Ladders · Hurst Combi · Ram · Backboards · Hose,2 Backboards,1,,,
Engine 60,Rear of Engine,Ladders · Hurst Combi · Ram · Backboards · Hose,Hurst Combi Tool — Cuts AND Spreads,1,,,
Engine 60,Rear of Engine,Ladders · Hurst Combi · Ram · Backboards · Hose,Ram Jam + Braces for Ram Tool,1,,,
Engine 60,Rear of Engine,Ladders · Hurst Combi · Ram · Backboards · Hose,Pry Tool + Pry Bar,1,,,
Engine 60,Rear of Engine,Ladders · Hurst Combi · Ram · Backboards · Hose,2 Shovels — Scoop & Pointed (Rear),1,,,
Engine 60,Cab Compartment,AED · Gas monitors · TIC · OB kit · Medic bag · Comms,AED — Automated External Defibrillator,1,,,
Engine 60,Cab Compartment,AED · Gas monitors · TIC · OB kit · Medic bag · Comms,Medic Bag,1,,,
Engine 60,Cab Compartment,AED · Gas monitors · TIC · OB kit · Medic bag · Comms,OB Kit — Obstetrics Kit,1,,,
Engine 60,Cab Compartment,AED · Gas monitors · TIC · OB kit · Medic bag · Comms,2 Face Pieces — Large & Medium,1,,,
Engine 60,Cab Compartment,AED · Gas monitors · TIC · OB kit · Medic bag · Comms,Extra Gloves,1,,,
Engine 60,Cab Compartment,AED · Gas monitors · TIC · OB kit · Medic bag · Comms,4-Gas Monitor,1,,,
Engine 60,Cab Compartment,AED · Gas monitors · TIC · OB kit · Medic bag · Comms,Gas Trac (Methane / HCN Meter),1,,,
Engine 60,Cab Compartment,AED · Gas monitors · TIC · OB kit · Medic bag · Comms,TIC — Thermal Imaging Camera,1,,,
Engine 60,Cab Compartment,AED · Gas monitors · TIC · OB kit · Medic bag · Comms,Hot Stick,1,,,
Engine 60,Cab Compartment,AED · Gas monitors · TIC · OB kit · Medic bag · Comms,Knox Box Key,1,,,
Engine 60,Cab Compartment,AED · Gas monitors · TIC · OB kit · Medic bag · Comms,Battery Chargers,1,,,
Engine 60,Cab Compartment,AED · Gas monitors · TIC · OB kit · Medic bag · Comms,Caution Tape,1,,,
Engine 60,Cab Compartment,AED · Gas monitors · TIC · OB kit · Medic bag · Comms,Fire Wipes,1,,,
Engine 60,Cab Compartment,AED · Gas monitors · TIC · OB kit · Medic bag · Comms,Vests,1,,,
Engine 60,Cab Compartment,AED · Gas monitors · TIC · OB kit · Medic bag · Comms,Water Bottles,1,,,
Engine 60,E60 Shift Rig Check — Checklist,Walk it every shift · Sign off · Own your rig,Hose Bays,1,,,
Engine 60,E60 Shift Rig Check — Checklist,Walk it every shift · Sign off · Own your rig,Engineer's Compartment,1,,,
Engine 60,E60 Shift Rig Check — Checklist,Walk it every shift · Sign off · Own your rig,Middle Compartment — Driver's Side,1,,,
Engine 60,E60 Shift Rig Check — Checklist,Walk it every shift · Sign off · Own your rig,Rear Compartment — Driver's Side,1,,,
Engine 60,E60 Shift Rig Check — Checklist,Walk it every shift · Sign off · Own your rig,First Compartment — Officer's Side,1,,,
Engine 60,E60 Shift Rig Check — Checklist,Walk it every shift · Sign off · Own your rig,Middle Compartment — Officer's Side,1,,,
Engine 60,E60 Shift Rig Check — Checklist,Walk it every shift · Sign off · Own your rig,Rear Compartment — Officer's Side,1,,,
Engine 60,E60 Shift Rig Check — Checklist,Walk it every shift · Sign off · Own your rig,Rear of Engine,1,,,
Engine 60,E60 Shift Rig Check — Checklist,Walk it every shift · Sign off · Own your rig,Cab Compartment,1,,,
Engine 60,E60 Unique Items — What Makes This Rig Different,Items specific to E60 or not on all engines,E60 vs. Other Engines — Key Differences at a Glance,1,,,
Engine 61,E61 vs. E62 — Know the Differences,READ THIS FIRST — before you ever ride E61,Driver's Side Over-Wheel Compartment,1,,,
Engine 61,E61 vs. E62 — Know the Differences,READ THIS FIRST — before you ever ride E61,Air Bag Controllers — E61 vs. E62,1,,,
Engine 61,E61 vs. E62 — Know the Differences,READ THIS FIRST — before you ever ride E61,RIT Pack — E62 Only,1,,,
Engine 61,Cabin Compartment & Hose Bed,Front preconnects · Side crosslays · Rear static loads,"Trash Line — 100 ft, 1¾"" Preconnected",1,,,
Engine 61,Cabin Compartment & Hose Bed,Front preconnects · Side crosslays · Rear static loads,"1¾"" Crosslay — 200 ft, Fog Nozzle (×2)",1,,,
Engine 61,Cabin Compartment & Hose Bed,Front preconnects · Side crosslays · Rear static loads,"2½"" Crosslay — 200 ft, Smooth Bore Nozzle",1,,,
Engine 61,Cabin Compartment & Hose Bed,Front preconnects · Side crosslays · Rear static loads,"5"" Supply Hose — 30 ft (Front) + 1,000 ft (Rear Middle)",1,,,
Engine 61,Cabin Compartment & Hose Bed,Front preconnects · Side crosslays · Rear static loads,"Highrise Pack 150' of 1 3/4""",1,,,
Engine 61,Cabin Compartment & Hose Bed,Front preconnects · Side crosslays · Rear static loads,Storz to Steamer Adapter + Hydrant Wrench,1,,,
Engine 61,Cabin Compartment & Hose Bed,Front preconnects · Side crosslays · Rear static loads,"Blitz Fire — 300 ft, 3"" Preconnected",1,,,
Engine 61,Compartment 1 — Engineer's Compartment,"Driver's side · 3 shelves · Hose fittings, spanners, hydrant bag",Black Tool Box,1,,,
Engine 61,Compartment 1 — Engineer's Compartment,"Driver's side · 3 shelves · Hose fittings, spanners, hydrant bag",Airpack (SCBA),1,,,
Engine 61,Compartment 1 — Engineer's Compartment,"Driver's side · 3 shelves · Hose fittings, spanners, hydrant bag",Double-Ended Spanners (×2) — Storz & Hose,1,,,
Engine 61,Compartment 1 — Engineer's Compartment,"Driver's side · 3 shelves · Hose fittings, spanners, hydrant bag","Wye Ball Valves — 2½"" to 1½"" (×2)",1,,,
Engine 61,Compartment 1 — Engineer's Compartment,"Driver's side · 3 shelves · Hose fittings, spanners, hydrant bag",Fog Nozzles (×2),1,,,
Engine 61,Compartment 1 — Engineer's Compartment,"Driver's side · 3 shelves · Hose fittings, spanners, hydrant bag",Reducer Fittings — Multiple Sizes,1,,,
Engine 61,Compartment 1 — Engineer's Compartment,"Driver's side · 3 shelves · Hose fittings, spanners, hydrant bag",Male-to-Male & Female-to-Female Connectors,1,,,
Engine 61,Compartment 1 — Engineer's Compartment,"Driver's side · 3 shelves · Hose fittings, spanners, hydrant bag",Hydrant Bag,1,,,
Engine 61,Compartment 2 — Hand Tools & Forcible Entry,"Driver's side · Irons, pike pole, bolt cutters, K-tool",Halligan Bar (Halligan),1,,,
Engine 61,Compartment 2 — Hand Tools & Forcible Entry,"Driver's side · Irons, pike pole, bolt cutters, K-tool",Flat Head Axe,1,,,
Engine 61,Compartment 2 — Hand Tools & Forcible Entry,"Driver's side · Irons, pike pole, bolt cutters, K-tool",Maul (Sledgehammer),1,,,
Engine 61,Compartment 2 — Hand Tools & Forcible Entry,"Driver's side · Irons, pike pole, bolt cutters, K-tool",Closet Pike Pole,1,,,
Engine 61,Compartment 2 — Hand Tools & Forcible Entry,"Driver's side · Irons, pike pole, bolt cutters, K-tool",Bolt Cutters — Medium & Large,1,,,
Engine 61,Compartment 2 — Hand Tools & Forcible Entry,"Driver's side · Irons, pike pole, bolt cutters, K-tool",Captain's Tool / Pry Axe (Officer's Tool),1,,,
Engine 61,Compartment 2 — Hand Tools & Forcible Entry,"Driver's side · Irons, pike pole, bolt cutters, K-tool",K-Tool (in Leather Case),1,,,
Engine 61,Compartment 2 — Hand Tools & Forcible Entry,"Driver's side · Irons, pike pole, bolt cutters, K-tool",Manhole Cover Remover,1,,,
Engine 61,Compartment 2 — Hand Tools & Forcible Entry,"Driver's side · Irons, pike pole, bolt cutters, K-tool",Air Tanks — Outside of Comp. 2 (×3),1,,,
Engine 61,"Compartment 3 — Rescue, Ventilation & Air Bags",Driver's side · Air bags · Fan · Cellar nozzle · Work lights,Cellar Nozzle on a Cellar Pipe,1,,,
Engine 61,"Compartment 3 — Rescue, Ventilation & Air Bags",Driver's side · Air bags · Fan · Cellar nozzle · Work lights,Portable Work Lights (×2),1,,,
Engine 61,"Compartment 3 — Rescue, Ventilation & Air Bags",Driver's side · Air bags · Fan · Cellar nozzle · Work lights,Ventilation Fan,1,,,
Engine 61,"Compartment 3 — Rescue, Ventilation & Air Bags",Driver's side · Air bags · Fan · Cellar nozzle · Work lights,Air Bags — 3 Bags + Yellow Control Box,1,,,
Engine 61,"Compartment 3 — Rescue, Ventilation & Air Bags",Driver's side · Air bags · Fan · Cellar nozzle · Work lights,Cribbing,1,,,
Engine 61,"Compartment 3 — Rescue, Ventilation & Air Bags",Driver's side · Air bags · Fan · Cellar nozzle · Work lights,Small Step Ladder,1,,,
Engine 61,"Compartment 3 — Rescue, Ventilation & Air Bags",Driver's side · Air bags · Fan · Cellar nozzle · Work lights,Transformer Nozzles,1,,,
Engine 61,Rear Middle — Extrication Equipment,Hurst tools · Hydraulic ram · Reciprocating saw · Batteries,Hurst Rescue Cutter,1,,,
Engine 61,Rear Middle — Extrication Equipment,Hurst tools · Hydraulic ram · Reciprocating saw · Batteries,Hurst Rescue Spreader,1,,,
Engine 61,Rear Middle — Extrication Equipment,Hurst tools · Hydraulic ram · Reciprocating saw · Batteries,Hydraulic Ram,1,,,
Engine 61,Rear Middle — Extrication Equipment,Hurst tools · Hydraulic ram · Reciprocating saw · Batteries,Reciprocating Saw,1,,,
Engine 61,Rear Middle — Extrication Equipment,Hurst tools · Hydraulic ram · Reciprocating saw · Batteries,Window Punch,1,,,
Engine 61,Rear Middle — Extrication Equipment,Hurst tools · Hydraulic ram · Reciprocating saw · Batteries,Hurst Batteries (×6) + Battery-to-AC Connector,1,,,
Engine 61,Rear Middle — Extrication Equipment,Hurst tools · Hydraulic ram · Reciprocating saw · Batteries,Double-Ended Spanners (×2),1,,,
Engine 61,Rear — Left Side & Backboards,New York hooks · Attic ladder · Backboards,New York Hooks — 6 ft & 8 ft,1,,,
Engine 61,Rear — Left Side & Backboards,New York hooks · Attic ladder · Backboards,Attic Ladder — 10 ft,1,,,
Engine 61,Rear — Left Side & Backboards,New York hooks · Attic ladder · Backboards,Backboards (×2),1,,,
Engine 61,Compartment 5 — Officer Side Forcible Entry & Search,Axes · Search rope · RASP · PFDs · Tool box,Pick Head Axe / Fire Axe,1,,,
Engine 61,Compartment 5 — Officer Side Forcible Entry & Search,Axes · Search rope · RASP · PFDs · Tool box,RASP — 200 ft Search Rope,1,,,
Engine 61,Compartment 5 — Officer Side Forcible Entry & Search,Axes · Search rope · RASP · PFDs · Tool box,Pig Drain Cover,1,,,
Engine 61,Compartment 5 — Officer Side Forcible Entry & Search,Axes · Search rope · RASP · PFDs · Tool box,Utility Rope — 100 ft,1,,,
Engine 61,Compartment 5 — Officer Side Forcible Entry & Search,Axes · Search rope · RASP · PFDs · Tool box,Red Bag — 4 PFDs & 1 Throw Preserver,1,,,
Engine 61,Compartment 5 — Officer Side Forcible Entry & Search,Axes · Search rope · RASP · PFDs · Tool box,W-Tool,1,,,
Engine 61,Compartment 5 — Officer Side Forcible Entry & Search,Axes · Search rope · RASP · PFDs · Tool box,Tool Box — General Hand Tools,1,,,
Engine 61,Compartment 6 — Middle Officer / Water Rescue,Mustang suit · PFD · Ice rescue · Rope bag · Air bottles,Mustang Suit,1,,,
Engine 61,Compartment 6 — Middle Officer / Water Rescue,Mustang suit · PFD · Ice rescue · Rope bag · Air bottles,Ice Spikes & Ice Cleats,1,,,
Engine 61,Compartment 6 — Middle Officer / Water Rescue,Mustang suit · PFD · Ice rescue · Rope bag · Air bottles,Rope Throw Bag,1,,,
Engine 61,Compartment 6 — Middle Officer / Water Rescue,Mustang suit · PFD · Ice rescue · Rope bag · Air bottles,Life Safety Ring,1,,,
Engine 61,Compartment 6 — Middle Officer / Water Rescue,Mustang suit · PFD · Ice rescue · Rope bag · Air bottles,Strap with 3 Carabiners,1,,,
Engine 61,Compartment 6 — Middle Officer / Water Rescue,Mustang suit · PFD · Ice rescue · Rope bag · Air bottles,Water Helmet,1,,,
Engine 61,Compartment 6 — Middle Officer / Water Rescue,Mustang suit · PFD · Ice rescue · Rope bag · Air bottles,"Air Bottles — Under Compartment (×4, 2 per side)",1,,,
Engine 61,Compartment 7 — Extinguishers & Special Hazards,Silver bullet · ABC · CO2 · K-class · Fire blanket · Oil dry,Silver Bullet — Pressurized Water Extinguisher,1,,,
Engine 61,Compartment 7 — Extinguishers & Special Hazards,Silver bullet · ABC · CO2 · K-class · Fire blanket · Oil dry,ABC Dry Chemical Extinguisher,1,,,
Engine 61,Compartment 7 — Extinguishers & Special Hazards,Silver bullet · ABC · CO2 · K-class · Fire blanket · Oil dry,CO₂ Extinguisher,1,,,
Engine 61,Compartment 7 — Extinguishers & Special Hazards,Silver bullet · ABC · CO2 · K-class · Fire blanket · Oil dry,Class K Extinguisher,1,,,
Engine 61,Compartment 7 — Extinguishers & Special Hazards,Silver bullet · ABC · CO2 · K-class · Fire blanket · Oil dry,Fire Blanket — Electric Vehicle,1,,,
Engine 61,Compartment 7 — Extinguishers & Special Hazards,Silver bullet · ABC · CO2 · K-class · Fire blanket · Oil dry,Oil Dry,1,,,
Engine 61,Above Compartments — Ladders & Pike Poles,Ground ladder 24 ft · Extension ladder 14 ft · 2 pike poles,Ground Ladder — 24 ft,1,,,
Engine 61,Above Compartments — Ladders & Pike Poles,Ground ladder 24 ft · Extension ladder 14 ft · 2 pike poles,Extension Ladder — 14 ft,1,,,
Engine 61,Above Compartments — Ladders & Pike Poles,Ground ladder 24 ft · Extension ladder 14 ft · 2 pike poles,Pike Poles — 6 ft & 8 ft (Above Compartments),1,,,
Engine 61,Inside Cab,Medical gear · Gas monitors · Radios · ERG · Vests,"Red Jump Bag — ""First In""",1,,,
Engine 61,Inside Cab,Medical gear · Gas monitors · Radios · ERG · Vests,Green Airway Bag,1,,,
Engine 61,Inside Cab,Medical gear · Gas monitors · Radios · ERG · Vests,AED — Automated External Defibrillator (ZOLL),1,,,
Engine 61,Inside Cab,Medical gear · Gas monitors · Radios · ERG · Vests,"4-Gas Monitor (CO, O₂, H₂S, Combustible)",1,,,
Engine 61,Inside Cab,Medical gear · Gas monitors · Radios · ERG · Vests,HCN Sensor (Standalone),1,,,
Engine 61,Inside Cab,Medical gear · Gas monitors · Radios · ERG · Vests,Hot Stick,1,,,
Engine 61,Inside Cab,Medical gear · Gas monitors · Radios · ERG · Vests,ERG — Emergency Response Guidebook,1,,,
Engine 61,Inside Cab,Medical gear · Gas monitors · Radios · ERG · Vests,Knoxbox Key,1,,,
Engine 61,Inside Cab,Medical gear · Gas monitors · Radios · ERG · Vests,Elevator Key,1,,,
Engine 61,Inside Cab,Medical gear · Gas monitors · Radios · ERG · Vests,Accountability Velcro Name Board,1,,,
Engine 61,Inside Cab,Medical gear · Gas monitors · Radios · ERG · Vests,Pet O₂ Mask,1,,,
Engine 61,Inside Cab,Medical gear · Gas monitors · Radios · ERG · Vests,Blue Lock-Out/Tag-Out Bag,1,,,
Engine 61,Inside Cab,Medical gear · Gas monitors · Radios · ERG · Vests,Dark Blue Collar Bag,1,,,
Engine 61,Inside Cab,Medical gear · Gas monitors · Radios · ERG · Vests,Small Orange Bag — Suction Unit,1,,,
Engine 61,Inside Cab,Medical gear · Gas monitors · Radios · ERG · Vests,CO₂ Meter,1,,,
Engine 61,Inside Cab,Medical gear · Gas monitors · Radios · ERG · Vests,Fire Wipes & Contractor Bags,1,,,
Engine 61,Inside Cab,Medical gear · Gas monitors · Radios · ERG · Vests,After Fire Survey Clipboard & Patient Clipboards,1,,,
Engine 61,Inside Cab,Medical gear · Gas monitors · Radios · ERG · Vests,Fire Tape & Caution Tape,1,,,
Engine 61,Inside Cab,Medical gear · Gas monitors · Radios · ERG · Vests,Red Biohazard Bags,1,,,
Engine 61,Inside Cab,Medical gear · Gas monitors · Radios · ERG · Vests,Camera,1,,,
Engine 61,Inside Cab,Medical gear · Gas monitors · Radios · ERG · Vests,FIU Investigation Box,1,,,
Engine 61,Inside Cab,Medical gear · Gas monitors · Radios · ERG · Vests,PR Box — Stickers & Public Relations Materials,1,,,
Engine 61,Inside Cab,Medical gear · Gas monitors · Radios · ERG · Vests,2 Extra SCBA Masks,1,,,
Engine 61,Inside Cab,Medical gear · Gas monitors · Radios · ERG · Vests,Binoculars,1,,,
Engine 61,Inside Cab,Medical gear · Gas monitors · Radios · ERG · Vests,Flood Light,1,,,
Engine 61,Inside Cab,Medical gear · Gas monitors · Radios · ERG · Vests,Hot Feet,1,,,
Engine 61,Inside Cab,Medical gear · Gas monitors · Radios · ERG · Vests,Blankets,1,,,
Engine 61,Inside Cab,Medical gear · Gas monitors · Radios · ERG · Vests,Vests (Under Seats),1,,,
Engine 61,Inside Cab,Medical gear · Gas monitors · Radios · ERG · Vests,4 Portable Radios,1,,,
Engine 61,Inside Cab,Medical gear · Gas monitors · Radios · ERG · Vests,Water (Crew Hydration Supply),1,,,
Engine 61,Top of Engine,Snow shovel · Traffic cones · Fire paddle · Dawn soap,Fire Paddle,1,,,
Engine 61,Top of Engine,Snow shovel · Traffic cones · Fire paddle · Dawn soap,Manifold for Fire Gun,1,,,
Engine 61,Top of Engine,Snow shovel · Traffic cones · Fire paddle · Dawn soap,Dawn Soap & Brush in Bucket,1,,,
Engine 61,Top of Engine,Snow shovel · Traffic cones · Fire paddle · Dawn soap,Traffic Cones,1,,,
Engine 61,Shift Rig Check — Checklist,Walk it every shift · Sign off on it · Own your rig,Driver's Side — Cabin & Hose Bed,1,,,
Engine 61,Shift Rig Check — Checklist,Walk it every shift · Sign off on it · Own your rig,Compartment 1 — Engineer's,1,,,
Engine 61,Shift Rig Check — Checklist,Walk it every shift · Sign off on it · Own your rig,Compartment 2 — Hand Tools,1,,,
Engine 61,Shift Rig Check — Checklist,Walk it every shift · Sign off on it · Own your rig,Compartment 3 — Rescue / Ventilation / Air Bags,1,,,
Engine 61,Shift Rig Check — Checklist,Walk it every shift · Sign off on it · Own your rig,Rear Middle — Extrication,1,,,
Engine 61,Shift Rig Check — Checklist,Walk it every shift · Sign off on it · Own your rig,Rear Left — Hooks & Ladders,1,,,
Engine 61,Shift Rig Check — Checklist,Walk it every shift · Sign off on it · Own your rig,Compartment 5 — Officer Forcible Entry,1,,,
Engine 61,Shift Rig Check — Checklist,Walk it every shift · Sign off on it · Own your rig,Compartment 6 — Water Rescue,1,,,
Engine 61,Shift Rig Check — Checklist,Walk it every shift · Sign off on it · Own your rig,Compartment 7 — Extinguishers,1,,,
Engine 61,Shift Rig Check — Checklist,Walk it every shift · Sign off on it · Own your rig,Inside Cab — Full Inventory,1,,,
Engine 61,Shift Rig Check — Checklist,Walk it every shift · Sign off on it · Own your rig,Top of Engine,1,,,
Engine 61,Quick Reference — Where Is It?,Grouped by mission · Find the right tool fast,Fire Attack — Water & Nozzles,1,,,
Engine 61,Quick Reference — Where Is It?,Grouped by mission · Find the right tool fast,Forcible Entry,1,,,
Engine 61,Quick Reference — Where Is It?,Grouped by mission · Find the right tool fast,Water Supply & Hydrant Connection,1,,,
Engine 61,Quick Reference — Where Is It?,Grouped by mission · Find the right tool fast,Vehicle Extrication,1,,,
Engine 61,Quick Reference — Where Is It?,Grouped by mission · Find the right tool fast,Water & Ice Rescue,1,,,
Engine 61,Quick Reference — Where Is It?,Grouped by mission · Find the right tool fast,Extinguishers — Which One for Which Fire,1,,,
Engine 61,Quick Reference — Where Is It?,Grouped by mission · Find the right tool fast,Gas Detection — Which Meter for Which Hazard,1,,,
Engine 61,Quick Reference — Where Is It?,Grouped by mission · Find the right tool fast,"Search, Overhaul & Ventilation",1,,,
Engine 61,Quick Reference — Where Is It?,Grouped by mission · Find the right tool fast,EMS — Medical Bags at a Glance,1,,,
Engine 61,"E61-Specific Items — The ""Different"" List",What makes E61 unique vs. E62 · Memorize this cold,Complete E61 vs. E62 Differences — All in One Place,1,,,
Engine 62,"Hose Bays — Front, Side/Middle & Rear",FRONT HOSE BAY,"100 ft Trash Line — 1¾"" Preconnected",1,,,
Engine 62,"Hose Bays — Front, Side/Middle & Rear",FRONT HOSE BAY,30 ft 5-Inch Supply Hose (Front),1,,,
Engine 62,"Hose Bays — Front, Side/Middle & Rear",FRONT HOSE BAY,Storz-to-Steamer Adapter (Front Bay),1,,,
Engine 62,"Hose Bays — Front, Side/Middle & Rear",SIDE / MIDDLE HOSE BAY — CROSSLAYS,"1¾"" Crosslay Preconnects ×2 — 200 ft each, Fog Nozzle",1,,,
Engine 62,"Hose Bays — Front, Side/Middle & Rear",SIDE / MIDDLE HOSE BAY — CROSSLAYS,"2½"" Crosslay Preconnect 200 ft — Smooth Bore Nozzle",1,,,
Engine 62,"Hose Bays — Front, Side/Middle & Rear",REAR HOSE BAYS — OVERVIEW,"Blitz Fire Line 300 ft — 3"" Preconnected",1,,,
Engine 62,"Hose Bays — Front, Side/Middle & Rear",REAR HOSE BAYS — OVERVIEW,Highrise Bag,1,,,
Engine 62,Compartment 1 — Engineer's Compartment,TOP SHELF — MAINTENANCE & ENGINEER'S TOOLS,"1"" Green Garden Hose",1,,,
Engine 62,Compartment 1 — Engineer's Compartment,TOP SHELF — MAINTENANCE & ENGINEER'S TOOLS,Black Tool Box — Engineer's Maintenance Kit,1,,,
Engine 62,Compartment 1 — Engineer's Compartment,TOP SHELF — MAINTENANCE & ENGINEER'S TOOLS,"Top Shelf — Storz Connectors, Deck Gun / BlitzFire Nozzle, Utility Flags, Airpack",1,,,
Engine 62,Compartment 1 — Engineer's Compartment,"MIDDLE SHELF — NOZZLES, SPANNERS & FITTINGS",Double-Ended Spanners ×2 — Storz & Hose Thread,1,,,
Engine 62,Compartment 1 — Engineer's Compartment,"MIDDLE SHELF — NOZZLES, SPANNERS & FITTINGS",Small House Spanners with Gas Turn-Off Notch ×2,1,,,
Engine 62,Compartment 1 — Engineer's Compartment,"MIDDLE SHELF — NOZZLES, SPANNERS & FITTINGS","Gated Wyes — 2½"" to 1½"" ×2",1,,,
Engine 62,Compartment 1 — Engineer's Compartment,"MIDDLE SHELF — NOZZLES, SPANNERS & FITTINGS",Fog Nozzles ×2 & Smooth Bore Nozzles ×1 + yellow tip ×1,1,,,
Engine 62,Compartment 1 — Engineer's Compartment,"MIDDLE SHELF — NOZZLES, SPANNERS & FITTINGS",Reducers & Adapters — Middle Shelf Assortment,1,,,
Engine 62,Compartment 1 — Engineer's Compartment,"MIDDLE SHELF — NOZZLES, SPANNERS & FITTINGS","Hose Thread Connectors — 2½"" and 1¾"" Sets 6 each",1,,,
Engine 62,Compartment 1 — Engineer's Compartment,"BOTTOM SHELF — HYDRANT BAG & 5"" HOSE",Hydrant Bag — Complete Contents,1,,,
Engine 62,"Compartment 2 — Irons, Forcible Entry & Air Bags",—,Halligan Bar (Haligan),1,,,
Engine 62,"Compartment 2 — Irons, Forcible Entry & Air Bags",—,Flat Head Axe,1,,,
Engine 62,"Compartment 2 — Irons, Forcible Entry & Air Bags",—,Maul,1,,,
Engine 62,"Compartment 2 — Irons, Forcible Entry & Air Bags",—,Closet Pike Pole (D Handle),1,,,
Engine 62,"Compartment 2 — Irons, Forcible Entry & Air Bags",—,Bolt Cutters — Medium & Large ×1 each,1,,,
Engine 62,"Compartment 2 — Irons, Forcible Entry & Air Bags",—,K-Tool in Leather Case,1,,,
Engine 62,"Compartment 2 — Irons, Forcible Entry & Air Bags",—,Manhole Cover Remover,1,,,
Engine 62,"Compartment 2 — Irons, Forcible Entry & Air Bags",—,Air Bags — Lifting Bags ×1–2 in Comp 2,1,,,
Engine 62,"Compartment 2 — Irons, Forcible Entry & Air Bags",—,Air Tanks ×3 — Outside of Comp 2,1,,,
Engine 62,"Compartment 3 — RIT, Rescue & Ventilation",TOP SHELF,"RIT Pack — Rapid Intervention Team Pack 60-min, 4500 PSI",1,,,
Engine 62,"Compartment 3 — RIT, Rescue & Ventilation",MIDDLE SHELF,Portable Work Lights ×2,1,,,
Engine 62,"Compartment 3 — RIT, Rescue & Ventilation",MIDDLE SHELF,Cellar Nozzle on Cellar Pipe,1,,,
Engine 62,"Compartment 3 — RIT, Rescue & Ventilation",BOTTOM SHELF,"Ventilation Fan (Battery Powered, Positive Pressure Ventilation)",1,,,
Engine 62,"Compartment 3 — RIT, Rescue & Ventilation",BOTTOM SHELF,Orange Box — Air Bag Controller,1,,,
Engine 62,"Compartment 3 — RIT, Rescue & Ventilation",BOTTOM SHELF,Cribbing (Plastic),1,,,
Engine 62,"Compartment 3 — RIT, Rescue & Ventilation",BOTTOM SHELF,Transformer Nozzles,1,,,
Engine 62,"Rear of Truck — Left Panel, Center & Rescue Tools",LEFT OF REAR — HOOKS & LADDER,New York Hooks ×2 — 6 ft & 8 ft,1,,,
Engine 62,"Rear of Truck — Left Panel, Center & Rescue Tools",LEFT OF REAR — HOOKS & LADDER,Attic Ladder 10 ft,1,,,
Engine 62,"Rear of Truck — Left Panel, Center & Rescue Tools",MIDDLE OF REAR — RESCUE TOOLS,Hurst Rescue Cutter & Hurst Rescue Spreader,1,,,
Engine 62,"Rear of Truck — Left Panel, Center & Rescue Tools",MIDDLE OF REAR — RESCUE TOOLS,Hydraulic Ram,1,,,
Engine 62,"Rear of Truck — Left Panel, Center & Rescue Tools",MIDDLE OF REAR — RESCUE TOOLS,Reciprocating Saw (Battery Powered),1,,,
Engine 62,"Rear of Truck — Left Panel, Center & Rescue Tools",MIDDLE OF REAR — RESCUE TOOLS,Window Punch,1,,,
Engine 62,"Rear of Truck — Left Panel, Center & Rescue Tools",MIDDLE OF REAR — RESCUE TOOLS,Batteries ×6 Upper Shelf + Battery-to-AC Converter,1,,,
Engine 62,"Rear of Truck — Left Panel, Center & Rescue Tools",MIDDLE OF REAR — RESCUE TOOLS,Backboards ×2 — Rear Mounted,1,,,
Engine 62,Compartment 5 — Officer's Side,TOP SHELF — AXE COMPLEMENT,Pick Head Axe / Fire Axe,1,,,
Engine 62,Compartment 5 — Officer's Side,TOP SHELF — AXE COMPLEMENT,Pig Axe,1,,,
Engine 62,Compartment 5 — Officer's Side,MIDDLE SHELF,RASP — 200 ft Search Rope,1,,,
Engine 62,Compartment 5 — Officer's Side,MIDDLE SHELF,Pig Drain Cover,1,,,
Engine 62,Compartment 5 — Officer's Side,BOTTOM SHELF,Red Bag — 4 PFDs + 1 Throw Preserver,1,,,
Engine 62,Compartment 5 — Officer's Side,BOTTOM SHELF,W-Tool (Hydraulic Spreading Tool),1,,,
Engine 62,Compartment 5 — Officer's Side,BOTTOM SHELF,Comp 5 Tool Box — Full Contents,1,,,
Engine 62,Compartment 6 — Water Rescue & Air Bottles,—,Mustang Suit,1,,,
Engine 62,Compartment 6 — Water Rescue & Air Bottles,—,Rope Throw Bag,1,,,
Engine 62,Compartment 6 — Water Rescue & Air Bottles,—,Water Helmet,1,,,
Engine 62,Compartment 6 — Water Rescue & Air Bottles,—,Life Safety Ring + Strap with 3 Carabiners,1,,,
Engine 62,Compartment 6 — Water Rescue & Air Bottles,—,Air Bottles ×4 — Under Compartment 6,1,,,
Engine 62,Compartment 7 — Fire Extinguishers & Spill Control,—,Silver Bullet — Pressurized Water Extinguisher,1,,,
Engine 62,Compartment 7 — Fire Extinguishers & Spill Control,—,ABC Dry Chemical Extinguisher,1,,,
Engine 62,Compartment 7 — Fire Extinguishers & Spill Control,—,CO₂ Extinguisher,1,,,
Engine 62,Compartment 7 — Fire Extinguishers & Spill Control,—,Class K Extinguisher,1,,,
Engine 62,Compartment 7 — Fire Extinguishers & Spill Control,—,Oil Dry,1,,,
Engine 62,Compartment 7 — Fire Extinguishers & Spill Control,—,Fire Blanket — For Electric Vehicles,1,,,
Engine 62,Above the Compartments — Ladders & Pike Poles,—,Extension Ladder 24 ft + Roof Ladder 14 ft,1,,,
Engine 62,Above the Compartments — Ladders & Pike Poles,—,Pike Poles ×2 — 6 ft & 8 ft (Above Compartments),1,,,
Engine 62,Inside the Cab,TOP SHELF,"4-Gas CO Meter (O₂, CO, H₂S, Combustible Gas)",1,,,
Engine 62,Inside the Cab,TOP SHELF,Gas Trac (Methane Meter),1,,,
Engine 62,Inside the Cab,TOP SHELF,HCN Sensor (Standalone),1,,,
Engine 62,Inside the Cab,TOP SHELF,Hot Stick,1,,,
Engine 62,Inside the Cab,TOP SHELF,Blue Lockout / Tagout Bag,1,,,
Engine 62,Inside the Cab,MIDDLE SHELF — EMS BAGS,"Red Jump Bag — ""First In"" EMS Bag",1,,,
Engine 62,Inside the Cab,MIDDLE SHELF — EMS BAGS,Green Airway Bag,1,,,
Engine 62,Inside the Cab,MIDDLE SHELF — EMS BAGS,AED — Automated External Defibrillator,1,,,
Engine 62,Inside the Cab,MIDDLE SHELF — EMS BAGS,Small Orange Bag — Suction Device,1,,,
Engine 62,Inside the Cab,MIDDLE SHELF — EMS BAGS,Pet O₂ Mask,1,,,
Engine 62,Inside the Cab,ALSO IN CAB — KEY ITEMS,ERG — Emergency Response Guidebook,1,,,
Engine 62,Inside the Cab,ALSO IN CAB — KEY ITEMS,KnoxBox + Elevator Key,1,,,
Engine 62,Inside the Cab,ALSO IN CAB — KEY ITEMS,Accountability Velcro Name Board,1,,,
Engine 63,Front of Engine,"50 ft of 5"" on bumper · Gate valve + hydrant wrench on bumper · Storz to steamer","50 Feet of 5"" LDH — Front Bumper",1,,,
Engine 63,Front of Engine,"50 ft of 5"" on bumper · Gate valve + hydrant wrench on bumper · Storz to steamer",Gate Valve + Hydrant Wrench — Top of Bumper,1,,,
Engine 63,Front of Engine,"50 ft of 5"" on bumper · Gate valve + hydrant wrench on bumper · Storz to steamer",Storz-to-Steamer Adapter — Front Bumper,1,,,
Engine 63,Engineer's Compartment,"Top · Middle · Bottom — Fittings, hydrant bag, eductor, hose roller",Eye Protection,1,,,
Engine 63,Engineer's Compartment,"Top · Middle · Bottom — Fittings, hydrant bag, eductor, hose roller",Fog Nozzle,1,,,
Engine 63,Engineer's Compartment,"Top · Middle · Bottom — Fittings, hydrant bag, eductor, hose roller",Deck Gun Nozzle,1,,,
Engine 63,Engineer's Compartment,"Top · Middle · Bottom — Fittings, hydrant bag, eductor, hose roller",Double-Ended Spanners,1,,,
Engine 63,Engineer's Compartment,"Top · Middle · Bottom — Fittings, hydrant bag, eductor, hose roller",Gated Wye,1,,,
Engine 63,Engineer's Compartment,"Top · Middle · Bottom — Fittings, hydrant bag, eductor, hose roller","Adaptors — M2M, F2F, CFD, Reducer",1,,,
Engine 63,Engineer's Compartment,"Top · Middle · Bottom — Fittings, hydrant bag, eductor, hose roller",Storz to Steamer (Middle Shelf),1,,,
Engine 63,Engineer's Compartment,"Top · Middle · Bottom — Fittings, hydrant bag, eductor, hose roller","Storz to 1½""",1,,,
Engine 63,Engineer's Compartment,"Top · Middle · Bottom — Fittings, hydrant bag, eductor, hose roller",30-Degree Elbow Storz — Anti-Kink,1,,,
Engine 63,Engineer's Compartment,"Top · Middle · Bottom — Fittings, hydrant bag, eductor, hose roller",Hydrant Bag — Full Contents,1,,,
Engine 63,Engineer's Compartment,"Top · Middle · Bottom — Fittings, hydrant bag, eductor, hose roller",Chief Eductor 125 GPM (Fill Tube in Middle Container),1,,,
Engine 63,Engineer's Compartment,"Top · Middle · Bottom — Fittings, hydrant bag, eductor, hose roller",Hose Roller,1,,,
Engine 63,Engineer's Compartment,"Top · Middle · Bottom — Fittings, hydrant bag, eductor, hose roller","5"" Hose — 25 ft (Bottom Shelf)",1,,,
Engine 63,Middle Compartment — Driver's Side,Irons · Maul · K-tool · Officer's tool,Fire Axe / Pickhead Axe,1,,,
Engine 63,Middle Compartment — Driver's Side,Irons · Maul · K-tool · Officer's tool,Flat Head Axe,1,,,
Engine 63,Middle Compartment — Driver's Side,Irons · Maul · K-tool · Officer's tool,Sledgehammer / Maul,1,,,
Engine 63,Middle Compartment — Driver's Side,Irons · Maul · K-tool · Officer's tool,Halligan Bar,1,,,
Engine 63,Middle Compartment — Driver's Side,Irons · Maul · K-tool · Officer's tool,K-Tool (Added After Photos),1,,,
Engine 63,Middle Compartment — Driver's Side,Irons · Maul · K-tool · Officer's tool,Officer's Tool / Pry Axe (Added After Photos),1,,,
Engine 63,Rear Compartment — Driver's Side,Second Halligan · Axes · Extinguishers · Step ladder,Halligan (Rear — Second Set),1,,,
Engine 63,Rear Compartment — Driver's Side,Second Halligan · Axes · Extinguishers · Step ladder,Flat Head Axe (Rear),1,,,
Engine 63,Rear Compartment — Driver's Side,Second Halligan · Axes · Extinguishers · Step ladder,Sledgehammer + Pickhead Axe (Rear — Added Post-Photos),1,,,
Engine 63,Rear Compartment — Driver's Side,Second Halligan · Axes · Extinguishers · Step ladder,Silver Bullet — Pressurized Water Extinguisher,1,,,
Engine 63,Rear Compartment — Driver's Side,Second Halligan · Axes · Extinguishers · Step ladder,Pump Can,1,,,
Engine 63,Rear Compartment — Driver's Side,Second Halligan · Axes · Extinguishers · Step ladder,ABC Dry Chemical Extinguisher,1,,,
Engine 63,Rear Compartment — Driver's Side,Second Halligan · Axes · Extinguishers · Step ladder,Small Step Ladder,1,,,
Engine 63,First Compartment — Officer's Side,"Akron coping tool · High rise bag · 50 ft of 5""",Akron Brass Hose Hoist — Coping Tool,1,,,
Engine 63,First Compartment — Officer's Side,"Akron coping tool · High rise bag · 50 ft of 5""",High Rise Bag — Contents,1,,,
Engine 63,First Compartment — Officer's Side,"Akron coping tool · High rise bag · 50 ft of 5""","50 Feet of 5"" — Officer Side",1,,,
Engine 63,Middle Compartment — Officer's Side,High rise pack · Bolt cutters,High Rise Pack,1,,,
Engine 63,Middle Compartment — Officer's Side,High rise pack · Bolt cutters,Bolt Cutters,1,,,
Engine 63,Rear Compartment — Officer's Side,Tool box · Cones · Tarps · Blanket · Fan hanger,Tool Box,1,,,
Engine 63,Rear Compartment — Officer's Side,Tool box · Cones · Tarps · Blanket · Fan hanger,Traffic Cones,1,,,
Engine 63,Rear Compartment — Officer's Side,Tool box · Cones · Tarps · Blanket · Fan hanger,Tarps,1,,,
Engine 63,Rear Compartment — Officer's Side,Tool box · Cones · Tarps · Blanket · Fan hanger,Blanket,1,,,
Engine 63,Rear Compartment — Officer's Side,Tool box · Cones · Tarps · Blanket · Fan hanger,Fan Hanger,1,,,
Engine 63,Rear of Engine,Middle · Right side · Left side · Hose bays,Decon Bucket — Dawn Soap + Brush,1,,,
Engine 63,Rear of Engine,Middle · Right side · Left side · Hose bays,Garden Hose,1,,,
Engine 63,Rear of Engine,Middle · Right side · Left side · Hose bays,Hurst Combi Tool — Cuts AND Spreads,1,,,
Engine 63,Rear of Engine,Middle · Right side · Left side · Hose bays,2 Shovels — Scoop and Pointed,1,,,
Engine 63,Rear of Engine,Middle · Right side · Left side · Hose bays,"6 ft Pike, 8 ft NY Hook, 10 ft NY Hook (Right Side)",1,,,
Engine 63,Rear of Engine,Middle · Right side · Left side · Hose bays,"6 ft, 8 ft, 10 ft Pike Poles (Left Side)",1,,,
Engine 63,Rear of Engine,Middle · Right side · Left side · Hose bays,"Crosslays — 200 ft 1¾"" ×2 (Top and Bottom)",1,,,
Engine 63,Rear of Engine,Middle · Right side · Left side · Hose bays,"Skid Loads — 2½"" and 1¾""",1,,,
Engine 63,Middle Compartments — Eco-Gel / Foam System,95 gpm nozzle · 95 gpm eductor · Eco-Gel · Pickup tubes · Oil Dry,95 GPM Nozzle,1,,,
Engine 63,Middle Compartments — Eco-Gel / Foam System,95 gpm nozzle · 95 gpm eductor · Eco-Gel · Pickup tubes · Oil Dry,95 GPM Eductor,1,,,
Engine 63,Middle Compartments — Eco-Gel / Foam System,95 gpm nozzle · 95 gpm eductor · Eco-Gel · Pickup tubes · Oil Dry,5-Gallon Eco-Gel Buckets — ×5,1,,,
Engine 63,Middle Compartments — Eco-Gel / Foam System,95 gpm nozzle · 95 gpm eductor · Eco-Gel · Pickup tubes · Oil Dry,Foam Aeration Tube,1,,,
Engine 63,Middle Compartments — Eco-Gel / Foam System,95 gpm nozzle · 95 gpm eductor · Eco-Gel · Pickup tubes · Oil Dry,Eductor with Pickup Tube (Second System),1,,,
Engine 63,Middle Compartments — Eco-Gel / Foam System,95 gpm nozzle · 95 gpm eductor · Eco-Gel · Pickup tubes · Oil Dry,"Foam Nozzle — 75 psi, 125 GPM",1,,,
Engine 63,Middle Compartments — Eco-Gel / Foam System,95 gpm nozzle · 95 gpm eductor · Eco-Gel · Pickup tubes · Oil Dry,Oil Dry / Kitty Litter,1,,,
Engine 63,Top of Engine — Ladders,28' Extension · 16' Roof · 10' Folding,28' Extension Ladder,1,,,
Engine 63,Top of Engine — Ladders,28' Extension · 16' Roof · 10' Folding,16' Roof Ladder,1,,,
Engine 63,Top of Engine — Ladders,28' Extension · 16' Roof · 10' Folding,10' Folding Ladder,1,,,
Engine 63,Cab Compartment,AED · 4-Gas · Gas Trac · HCN meter · SCBA pack · Knox Box,AED — Automated External Defibrillator,1,,,
Engine 63,Cab Compartment,AED · 4-Gas · Gas Trac · HCN meter · SCBA pack · Knox Box,4-Gas Monitor,1,,,
Engine 63,Cab Compartment,AED · 4-Gas · Gas Trac · HCN meter · SCBA pack · Knox Box,Gas Trac — Methane / HCN,1,,,
Engine 63,Cab Compartment,AED · 4-Gas · Gas Trac · HCN meter · SCBA pack · Knox Box,HCN Meter — Standalone,1,,,
Engine 63,Cab Compartment,AED · 4-Gas · Gas Trac · HCN meter · SCBA pack · Knox Box,SCBA Pack — In Cab,1,,,
Engine 63,Cab Compartment,AED · 4-Gas · Gas Trac · HCN meter · SCBA pack · Knox Box,Knox Box Key,1,,,
Engine 63,Cab Compartment,AED · 4-Gas · Gas Trac · HCN meter · SCBA pack · Knox Box,Water Bottle,1,,,
Engine 63,Top of Engine,Empty water bottle · Foam/Gel · Manifold,Empty Water Bottle — Foam Operations Container,1,,,
Engine 63,Top of Engine,Empty water bottle · Foam/Gel · Manifold,Foam/Gel Supply — Top of Engine,1,,,
Engine 63,Top of Engine,Empty water bottle · Foam/Gel · Manifold,Manifold,1,,,
Engine 63,E63 Shift Rig Check — Checklist,Walk it every shift · Sign off · Own your rig,Front of Engine,1,,,
Engine 63,E63 Shift Rig Check — Checklist,Walk it every shift · Sign off · Own your rig,Engineer's Compartment,1,,,
Engine 63,E63 Shift Rig Check — Checklist,Walk it every shift · Sign off · Own your rig,Middle Compartment — Driver's Side,1,,,
Engine 63,E63 Shift Rig Check — Checklist,Walk it every shift · Sign off · Own your rig,Rear Compartment — Driver's Side,1,,,
Engine 63,E63 Shift Rig Check — Checklist,Walk it every shift · Sign off · Own your rig,First Compartment — Officer's Side,1,,,
Engine 63,E63 Shift Rig Check — Checklist,Walk it every shift · Sign off · Own your rig,Middle Compartment — Officer's Side,1,,,
Engine 63,E63 Shift Rig Check — Checklist,Walk it every shift · Sign off · Own your rig,Rear Compartment — Officer's Side,1,,,
Engine 63,E63 Shift Rig Check — Checklist,Walk it every shift · Sign off · Own your rig,Middle Rear Compartment,1,,,
Engine 63,E63 Shift Rig Check — Checklist,Walk it every shift · Sign off · Own your rig,Right Side Rear,1,,,
Engine 63,E63 Shift Rig Check — Checklist,Walk it every shift · Sign off · Own your rig,Left Side Rear,1,,,
Engine 63,E63 Shift Rig Check — Checklist,Walk it every shift · Sign off · Own your rig,Rear Hose Bays,1,,,
Engine 63,E63 Shift Rig Check — Checklist,Walk it every shift · Sign off · Own your rig,Middle Compartments — Foam/Gel,1,,,
Engine 63,E63 Shift Rig Check — Checklist,Walk it every shift · Sign off · Own your rig,Ladders — Top of Engine,1,,,
Engine 63,E63 Shift Rig Check — Checklist,Walk it every shift · Sign off · Own your rig,Cab Compartment,1,,,
Engine 63,E63 Shift Rig Check — Checklist,Walk it every shift · Sign off · Own your rig,Top of Engine,1,,,
Engine 63,E63 Unique Items — What Makes This Rig Different,Know this before your first shift on E63,E63 vs. Fleet — Complete Differences at a Glance,1,,,
Utility 61,Front Dash — Communications,DuCom · Fireground radio · PA system,DuCom (Gray Microphone),1,,,
Utility 61,Front Dash — Communications,DuCom · Fireground radio · PA system,Fireground Microphone (Black — Lower Left),1,,,
Utility 61,Front Dash — Communications,DuCom · Fireground radio · PA system,PA System Microphone (Black — Upper Right),1,,,
Utility 61,Glove Compartment,Maps · ERG · Flares · Passport · Accountability,Maps — District Street Maps,1,,,
Utility 61,Glove Compartment,Maps · ERG · Flares · Passport · Accountability,Truck Loading Instruction Paper,1,,,
Utility 61,Glove Compartment,Maps · ERG · Flares · Passport · Accountability,Patient Prepare Reports (Blank),1,,,
Utility 61,Glove Compartment,Maps · ERG · Flares · Passport · Accountability,Vehicle Name Laminate,1,,,
Utility 61,Glove Compartment,Maps · ERG · Flares · Passport · Accountability,Spare Tire Lock Key (In Bag),1,,,
Utility 61,Glove Compartment,Maps · ERG · Flares · Passport · Accountability,Road Flares (×2),1,,,
Utility 61,Glove Compartment,Maps · ERG · Flares · Passport · Accountability,Passport Accountability System,1,,,
Utility 61,Glove Compartment,Maps · ERG · Flares · Passport · Accountability,Emergency Response Guidebook (ERG),1,,,
Utility 61,Door Pockets — Driver + Officer,Roadway vests × 2,Roadway Safety Vest (×2 — One Per Door),1,,,
Utility 61,Front Bench + Back Seat,PPE · Radios,PPE — Personal Protective Equipment (Back Seat),1,,,
Utility 61,Front Bench + Back Seat,PPE · Radios,Portable Radios (×4),1,,,
Utility 61,Truck Bed — Cases and Bins,MSA case · Milk crate · Gray bin · Water rescue · Rope,MSA Case — SCBA + Air Bottle + Face Piece (Size M),1,,,
Utility 61,Truck Bed — Cases and Bins,MSA case · Milk crate · Gray bin · Water rescue · Rope,Milk Crate — Contents,1,,,
Utility 61,Truck Bed — Cases and Bins,MSA case · Milk crate · Gray bin · Water rescue · Rope,Gray Bin — Water Rescue Equipment,1,,,
Utility 61,Truck Bed — Cases and Bins,MSA case · Milk crate · Gray bin · Water rescue · Rope,Orange Square Bag — Blanket,1,,,
Utility 61,Truck Bed — Cases and Bins,MSA case · Milk crate · Gray bin · Water rescue · Rope,Black Bag — Flood Light + Stand,1,,,
Utility 61,Truck Bed — Cases and Bins,MSA case · Milk crate · Gray bin · Water rescue · Rope,Orange/Red Bag — PFD + Throw Bag,1,,,
Utility 61,Truck Bed — Cases and Bins,MSA case · Milk crate · Gray bin · Water rescue · Rope,Rope Spool — 200 ft,1,,,
Utility 61,Truck Bed — Cases and Bins,MSA case · Milk crate · Gray bin · Water rescue · Rope,ABC Fire Extinguisher,1,,,
Utility 61,Truck Bed — Cases and Bins,MSA case · Milk crate · Gray bin · Water rescue · Rope,Sked — Foldable Stretcher,1,,,
Utility 61,Truck Bed — Tools,Pike poles · Halligan · Axes · Umbrella · Snow scraper,Pike Poles (×2),1,,,
Utility 61,Truck Bed — Tools,Pike poles · Halligan · Axes · Umbrella · Snow scraper,Halligan Bar,1,,,
Utility 61,Truck Bed — Tools,Pike poles · Halligan · Axes · Umbrella · Snow scraper,Flat Head Axe,1,,,
Utility 61,Truck Bed — Tools,Pike poles · Halligan · Axes · Umbrella · Snow scraper,Umbrella,1,,,
Utility 61,Truck Bed — Tools,Pike poles · Halligan · Axes · Umbrella · Snow scraper,Snow Scraper,1,,,
Utility 61,Supplies — Batteries & Hydration,Spare DeWalt batteries · Water bottles,Spare DeWalt Batteries,1,,,
Utility 61,Supplies — Batteries & Hydration,Spare DeWalt batteries · Water bottles,Water Bottles,1,,,
Utility 61,U61 Shift Rig Check — Checklist,Walk it every shift · Sign off · Own your rig,Front Dash,1,,,
Utility 61,U61 Shift Rig Check — Checklist,Walk it every shift · Sign off · Own your rig,Glove Compartment,1,,,
Utility 61,U61 Shift Rig Check — Checklist,Walk it every shift · Sign off · Own your rig,Door Pockets,1,,,
Utility 61,U61 Shift Rig Check — Checklist,Walk it every shift · Sign off · Own your rig,Front Bench + Back Seat,1,,,
Utility 61,U61 Shift Rig Check — Checklist,Walk it every shift · Sign off · Own your rig,Truck Bed — Cases & Bins,1,,,
Utility 61,U61 Shift Rig Check — Checklist,Walk it every shift · Sign off · Own your rig,Truck Bed — Tools,1,,,
Utility 61,U61 Shift Rig Check — Checklist,Walk it every shift · Sign off · Own your rig,Supplies,1,,,
Utility 62,Front Dash — Communications,Gray mic = DuCom · Black lower-left = Fireground · Black upper-right = PA,DuCom — Gray Microphone,1,,,
Utility 62,Front Dash — Communications,Gray mic = DuCom · Black lower-left = Fireground · Black upper-right = PA,"Fireground Microphone — Black, Lower Left",1,,,
Utility 62,Front Dash — Communications,Gray mic = DuCom · Black lower-left = Fireground · Black upper-right = PA,"PA System Microphone — Black, Upper Right",1,,,
Utility 62,Glove Compartment,Maps · ERG · Flares · Passport · Loading guide,District Maps,1,,,
Utility 62,Glove Compartment,Maps · ERG · Flares · Passport · Loading guide,Truck Loading Instruction Paper,1,,,
Utility 62,Glove Compartment,Maps · ERG · Flares · Passport · Loading guide,Patient Prepare Reports — Blank,1,,,
Utility 62,Glove Compartment,Maps · ERG · Flares · Passport · Loading guide,"Vehicle Name Laminate — ""Utility 62""",1,,,
Utility 62,Glove Compartment,Maps · ERG · Flares · Passport · Loading guide,Spare Tire Lock Key — In Bag,1,,,
Utility 62,Glove Compartment,Maps · ERG · Flares · Passport · Loading guide,Road Flares — ×2,1,,,
Utility 62,Glove Compartment,Maps · ERG · Flares · Passport · Loading guide,Passport Accountability System,1,,,
Utility 62,Glove Compartment,Maps · ERG · Flares · Passport · Loading guide,Emergency Response Guidebook — ERG,1,,,
Utility 62,Door Pockets — Driver + Officer,Roadway vests × 2,Roadway Safety Vests — ×2 (One Per Door),1,,,
Utility 62,Front Bench + Back Seat,PPE (sterile gloves & masks) · 4 Radios,PPE — Sterile Gloves & Masks,1,,,
Utility 62,Front Bench + Back Seat,PPE (sterile gloves & masks) · 4 Radios,Portable Radios — ×4,1,,,
Utility 62,Truck Bed — Cases and Bins,MSA/SCBA · Milk crate · Water rescue bin · Throw bag · Rope · Extinguisher · Sked,MSA Case — SCBA + Air Bottle + Face Piece (Size M),1,,,
Utility 62,Truck Bed — Cases and Bins,MSA/SCBA · Milk crate · Water rescue bin · Throw bag · Rope · Extinguisher · Sked,"Milk Crate — Jumper Cables, Chocks, Tape, Hitch",1,,,
Utility 62,Truck Bed — Cases and Bins,MSA/SCBA · Milk crate · Water rescue bin · Throw bag · Rope · Extinguisher · Sked,Gray Bin — Water Rescue Equipment,1,,,
Utility 62,Truck Bed — Cases and Bins,MSA/SCBA · Milk crate · Water rescue bin · Throw bag · Rope · Extinguisher · Sked,Orange Square Bag — Blanket,1,,,
Utility 62,Truck Bed — Cases and Bins,MSA/SCBA · Milk crate · Water rescue bin · Throw bag · Rope · Extinguisher · Sked,"Black Bag — Flood Light, Stand, Battery",1,,,
Utility 62,Truck Bed — Cases and Bins,MSA/SCBA · Milk crate · Water rescue bin · Throw bag · Rope · Extinguisher · Sked,Orange/Red Bag — PFD + Throw Bag,1,,,
Utility 62,Truck Bed — Cases and Bins,MSA/SCBA · Milk crate · Water rescue bin · Throw bag · Rope · Extinguisher · Sked,Rope Spool — 200 ft,1,,,
Utility 62,Truck Bed — Cases and Bins,MSA/SCBA · Milk crate · Water rescue bin · Throw bag · Rope · Extinguisher · Sked,ABC Fire Extinguisher,1,,,
Utility 62,Truck Bed — Cases and Bins,MSA/SCBA · Milk crate · Water rescue bin · Throw bag · Rope · Extinguisher · Sked,Sked — Foldable Rescue Stretcher,1,,,
Utility 62,Truck Bed — Tools,2 Pike poles · Halligan · Flat head axe · Umbrella · Snow scraper,2 Pike Poles,1,,,
Utility 62,Truck Bed — Tools,2 Pike poles · Halligan · Flat head axe · Umbrella · Snow scraper,Halligan Bar,1,,,
Utility 62,Truck Bed — Tools,2 Pike poles · Halligan · Flat head axe · Umbrella · Snow scraper,Flat Head Axe,1,,,
Utility 62,Truck Bed — Tools,2 Pike poles · Halligan · Flat head axe · Umbrella · Snow scraper,Umbrella,1,,,
Utility 62,Truck Bed — Tools,2 Pike poles · Halligan · Flat head axe · Umbrella · Snow scraper,Snow Scraper,1,,,
Utility 62,Supplies — Batteries & Hydration,Spare DeWalt batteries · Water bottles,Spare DeWalt Batteries,1,,,
Utility 62,Supplies — Batteries & Hydration,Spare DeWalt batteries · Water bottles,Water Bottles,1,,,
Utility 62,U62 Shift Rig Check — Checklist,Walk every section every shift · Sign off · Own your rig,Front Dash,1,,,
Utility 62,U62 Shift Rig Check — Checklist,Walk every section every shift · Sign off · Own your rig,Glove Compartment,1,,,
Utility 62,U62 Shift Rig Check — Checklist,Walk every section every shift · Sign off · Own your rig,Door Pockets,1,,,
Utility 62,U62 Shift Rig Check — Checklist,Walk every section every shift · Sign off · Own your rig,Front Bench + Back Seat,1,,,
Utility 62,U62 Shift Rig Check — Checklist,Walk every section every shift · Sign off · Own your rig,Truck Bed — Cases & Bins,1,,,
Utility 62,U62 Shift Rig Check — Checklist,Walk every section every shift · Sign off · Own your rig,Truck Bed — Tools,1,,,
Utility 62,U62 Shift Rig Check — Checklist,Walk every section every shift · Sign off · Own your rig,Supplies,1,,,
Brushtruck 62,Front Seat,—,Radios,1,,,
Brushtruck 62,Glove Box,—,ERG Book,1,,,
Brushtruck 62,Glove Box,—,Bug Spray,1,,,
Brushtruck 62,Glove Box,—,Fuel Key,1,,,
Brushtruck 62,Glove Box,—,Water Guides / Water Source Maps,1,,,
Brushtruck 62,Back Seat,—,PFD — Personal Flotation Device,1,,,
Brushtruck 62,Back Seat,—,Hot Stick,1,,,
Brushtruck 62,Back Seat,—,Box Light (Large Flashlight),1,,,
Brushtruck 62,Back Seat,—,Hose Bag,1,,,
Brushtruck 62,Container in Back Seat,—,Small 1″ Hose,1,,,
Brushtruck 62,Container in Back Seat,—,Safety Vest,1,,,
Brushtruck 62,Container in Back Seat,—,Maps,1,,,
Brushtruck 62,Container in Back Seat,—,Duct Tape,1,,,
Brushtruck 62,Container in Back Seat,—,Caution Tape,1,,,
Brushtruck 62,Container in Back Seat,—,Garbage Bags,1,,,
Brushtruck 62,Container in Back Seat,—,Pub Ed — Public Education Materials,1,,,
Brushtruck 62,Container in Back Seat,—,Strap (Utility / Tie-Down),1,,,
Brushtruck 62,Container in Back Seat,—,Towel,1,,,
Brushtruck 62,Rear of Vehicle — Water System,—,250-Gallon Water Tank,1,,,
Brushtruck 62,Rear of Vehicle — Water System,—,1″ Hose Reel (200 Feet),1,,,
Brushtruck 62,Rear of Vehicle — Water System,—,Handle for Hose Reel,1,,,
Brushtruck 62,Rear of Vehicle — Water System,—,Hard Suction Hose (2 × 12′ Black),1,,,
Brushtruck 62,Rear of Vehicle — Water System,—,Metal Filter / Strainer for Suction Hose,1,,,
Brushtruck 62,Rear of Vehicle — Water System,—,Metal Wheel Chock (1),1,,,
Brushtruck 62,Rear of Vehicle — Water System,—,Plastic Gas Can (Pump Fuel),1,,,
Brushtruck 62,Rear of Vehicle — Water System,—,2½″ Hose Roll (50 Feet),1,,,
Brushtruck 62,Rear of Vehicle — Water System,—,1½″ Hose on Cross Lay (~150 Feet),1,,,
Brushtruck 62,Rear of Vehicle — Water System,—,Fog Nozzle,1,,,
Brushtruck 62,Rear of Vehicle — Hand Tools,—,Brush Paddles (3 Total),1,,,
Brushtruck 62,Rear of Vehicle — Hand Tools,—,Pike Poles (2 Total),1,,,
Brushtruck 62,Rear of Vehicle — Hand Tools,—,New York Pole / Roof Rake (1),1,,,
Brushtruck 62,Rear of Vehicle — Hand Tools,—,Bolt Cutters,1,,,
Brushtruck 62,Rear of Vehicle — Hand Tools,—,"Halligan Tool (""Hallagan Tool"")",1,,,
Brushtruck 62,Rear of Vehicle — Hand Tools,—,Plastic Funnel,1,,,
Brushtruck 62,Water Pump,—,Portable Water Pump — 2½″ Inlet / 1½″ Outlet,1,,,
Brushtruck 62,Hydrant Bag,—,Gate Valve,1,,,
Brushtruck 62,Hydrant Bag,—,1″ Garden Hose,1,,,
Brushtruck 62,Hydrant Bag,—,Hydrant Wrench,1,,,
Brushtruck 62,Hydrant Bag,—,Small Spanner Wrench (1¾″ Hose / Gas Shut-Off),1,,,
Brushtruck 62,Hydrant Bag,—,Large Spanner Wrench (5″ Hose / LDH),1,,,
Brushtruck 62,Hydrant Bag,—,Storz Adapters — A through F (Hydrant Bag),1,,,
Brushtruck 62,Hydrant Bag,—,Pipe Wrench,1,,,
Brushtruck 62,Hydrant Bag,—,Black Electrical Tape,1,,,
Squad 61,Driver's Side Front Compartment,Light Tower · Fire Investigation · Wet Vac · Particulate Mask,Light Tower Controller,1,,,
Squad 61,Driver's Side Front Compartment,Light Tower · Fire Investigation · Wet Vac · Particulate Mask,Fire Investigation Box,1,,,
Squad 61,Driver's Side Front Compartment,Light Tower · Fire Investigation · Wet Vac · Particulate Mask,Wet Vac,1,,,
Squad 61,Driver's Side Front Compartment,Light Tower · Fire Investigation · Wet Vac · Particulate Mask,Dust / Particulate Face Mask,1,,,
Squad 61,Driver's Side Traverse — Bottom Shelf,Winch · Steering Wheel Cutter,Winch with Remote,1,,,
Squad 61,Driver's Side Traverse — Bottom Shelf,Winch · Steering Wheel Cutter,Steering Wheel Cutter,1,,,
Squad 61,DS Compartment 3 (Over Wheel) — Top Shelf,Circular Saw · K12 Saw · Chainsaw · Chain Oil,Circular Saw,1,,,
Squad 61,DS Compartment 3 (Over Wheel) — Top Shelf,Circular Saw · K12 Saw · Chainsaw · Chain Oil,K12 Saw,1,,,
Squad 61,DS Compartment 3 (Over Wheel) — Top Shelf,Circular Saw · K12 Saw · Chainsaw · Chain Oil,Chainsaw,1,,,
Squad 61,DS Compartment 3 (Over Wheel) — Top Shelf,Circular Saw · K12 Saw · Chainsaw · Chain Oil,Chain Oil,1,,,
Squad 61,DS Compartment 3 (Over Wheel) — Bottom Shelf,Cordless Power Tool Set · Impacts · Grinder · Recip Saw · Blades · Bits · Charger,"1/2"" Impact Wrench",1,,,
Squad 61,DS Compartment 3 (Over Wheel) — Bottom Shelf,Cordless Power Tool Set · Impacts · Grinder · Recip Saw · Blades · Bits · Charger,"1/4"" Impact Driver (with Bits)",1,,,
Squad 61,DS Compartment 3 (Over Wheel) — Bottom Shelf,Cordless Power Tool Set · Impacts · Grinder · Recip Saw · Blades · Bits · Charger,Angle Grinder,1,,,
Squad 61,DS Compartment 3 (Over Wheel) — Bottom Shelf,Cordless Power Tool Set · Impacts · Grinder · Recip Saw · Blades · Bits · Charger,Reciprocating Saw (with Metal & Wood Blades),1,,,
Squad 61,DS Compartment 3 (Over Wheel) — Bottom Shelf,Cordless Power Tool Set · Impacts · Grinder · Recip Saw · Blades · Bits · Charger,Spare Blades (Recip / Circ / Etc.),1,,,
Squad 61,DS Compartment 3 (Over Wheel) — Bottom Shelf,Cordless Power Tool Set · Impacts · Grinder · Recip Saw · Blades · Bits · Charger,Battery Charger,1,,,
Squad 61,DS Compartment 3 (Over Wheel) — Bottom Shelf,Cordless Power Tool Set · Impacts · Grinder · Recip Saw · Blades · Bits · Charger,Drill / Driver Bits,1,,,
Squad 61,Driver's Side Rear Cabinet — Air Cascade,Cascade Controls · Adapters · Towel,Cascade Controls,1,,,
Squad 61,Driver's Side Rear Cabinet — Air Cascade,Cascade Controls · Adapters · Towel,"Adapters — Air Reel, Scuba, & Boom Fill",1,,,
Squad 61,Driver's Side Rear Cabinet — Air Cascade,Cascade Controls · Adapters · Towel,Towel,1,,,
Squad 61,Officer Front Compartments,Little Giant · Tarps · Cribbing · Oil Dry · Garbage Container,Little Giant Ladder,1,,,
Squad 61,Officer Front Compartments,Little Giant · Tarps · Cribbing · Oil Dry · Garbage Container,Tarps,1,,,
Squad 61,Officer Front Compartments,Little Giant · Tarps · Cribbing · Oil Dry · Garbage Container,Cribbing & Chocks,1,,,
Squad 61,Officer Front Compartments,Little Giant · Tarps · Cribbing · Oil Dry · Garbage Container,Oil Dry (Absorbent),1,,,
Squad 61,Officer Front Compartments,Little Giant · Tarps · Cribbing · Oil Dry · Garbage Container,Garbage Container,1,,,
Squad 61,Officer's Side Traverse — Lower Shelf,Hurst Tools · Akron Lights · Jacks · Air Chisel · Chain · RIT Pack · B-Post · Punch · Wet Vac · Airbag Controller · Submersible · Road Salt,Hurst Ram Tool,1,,,
Squad 61,Officer's Side Traverse — Lower Shelf,Hurst Tools · Akron Lights · Jacks · Air Chisel · Chain · RIT Pack · B-Post · Punch · Wet Vac · Airbag Controller · Submersible · Road Salt,Hurst Cutter,1,,,
Squad 61,Officer's Side Traverse — Lower Shelf,Hurst Tools · Akron Lights · Jacks · Air Chisel · Chain · RIT Pack · B-Post · Punch · Wet Vac · Airbag Controller · Submersible · Road Salt,Hurst Spreader,1,,,
Squad 61,Officer's Side Traverse — Lower Shelf,Hurst Tools · Akron Lights · Jacks · Air Chisel · Chain · RIT Pack · B-Post · Punch · Wet Vac · Airbag Controller · Submersible · Road Salt,Akron Lights,2,,,
Squad 61,Officer's Side Traverse — Lower Shelf,Hurst Tools · Akron Lights · Jacks · Air Chisel · Chain · RIT Pack · B-Post · Punch · Wet Vac · Airbag Controller · Submersible · Road Salt,High Lift Jacks,1,,,
Squad 61,Officer's Side Traverse — Lower Shelf,Hurst Tools · Akron Lights · Jacks · Air Chisel · Chain · RIT Pack · B-Post · Punch · Wet Vac · Airbag Controller · Submersible · Road Salt,Traffic Cones,1,,,
Squad 61,Officer's Side Traverse — Lower Shelf,Hurst Tools · Akron Lights · Jacks · Air Chisel · Chain · RIT Pack · B-Post · Punch · Wet Vac · Airbag Controller · Submersible · Road Salt,Res-Q-Jacks,4,,,
Squad 61,Officer's Side Traverse — Lower Shelf,Hurst Tools · Akron Lights · Jacks · Air Chisel · Chain · RIT Pack · B-Post · Punch · Wet Vac · Airbag Controller · Submersible · Road Salt,Scissor Jacks,2,,,
Squad 61,Officer's Side Traverse — Lower Shelf,Hurst Tools · Akron Lights · Jacks · Air Chisel · Chain · RIT Pack · B-Post · Punch · Wet Vac · Airbag Controller · Submersible · Road Salt,Air Chisel,1,,,
Squad 61,Officer's Side Traverse — Lower Shelf,Hurst Tools · Akron Lights · Jacks · Air Chisel · Chain · RIT Pack · B-Post · Punch · Wet Vac · Airbag Controller · Submersible · Road Salt,Buckets of Chain,2,,,
Squad 61,Officer's Side Traverse — Lower Shelf,Hurst Tools · Akron Lights · Jacks · Air Chisel · Chain · RIT Pack · B-Post · Punch · Wet Vac · Airbag Controller · Submersible · Road Salt,RIT Airpack,1,,,
Squad 61,Officer's Side Traverse — Lower Shelf,Hurst Tools · Akron Lights · Jacks · Air Chisel · Chain · RIT Pack · B-Post · Punch · Wet Vac · Airbag Controller · Submersible · Road Salt,B-Post Tool,1,,,
Squad 61,Officer's Side Traverse — Lower Shelf,Hurst Tools · Akron Lights · Jacks · Air Chisel · Chain · RIT Pack · B-Post · Punch · Wet Vac · Airbag Controller · Submersible · Road Salt,Center Punch,1,,,
Squad 61,Officer's Side Traverse — Lower Shelf,Hurst Tools · Akron Lights · Jacks · Air Chisel · Chain · RIT Pack · B-Post · Punch · Wet Vac · Airbag Controller · Submersible · Road Salt,Wet Vac (Officer's Traverse),1,,,
Squad 61,Officer's Side Traverse — Lower Shelf,Hurst Tools · Akron Lights · Jacks · Air Chisel · Chain · RIT Pack · B-Post · Punch · Wet Vac · Airbag Controller · Submersible · Road Salt,Airbag Controller (Older Bags),1,,,
Squad 61,Officer's Side Traverse — Lower Shelf,Hurst Tools · Akron Lights · Jacks · Air Chisel · Chain · RIT Pack · B-Post · Punch · Wet Vac · Airbag Controller · Submersible · Road Salt,Dayton Submersible Pump,1,,,
Squad 61,Officer's Side Traverse — Lower Shelf,Hurst Tools · Akron Lights · Jacks · Air Chisel · Chain · RIT Pack · B-Post · Punch · Wet Vac · Airbag Controller · Submersible · Road Salt,Road Salt,1,,,
Squad 61,Officer's Side Compartment Over Wheel,Hand Tools · Forcible Entry · Pulley System,Flat Head Axe,1,,,
Squad 61,Officer's Side Compartment Over Wheel,Hand Tools · Forcible Entry · Pulley System,Pick Axe,1,,,
Squad 61,Officer's Side Compartment Over Wheel,Hand Tools · Forcible Entry · Pulley System,Halligan,1,,,
Squad 61,Officer's Side Compartment Over Wheel,Hand Tools · Forcible Entry · Pulley System,Sledgehammer,1,,,
Squad 61,Officer's Side Compartment Over Wheel,Hand Tools · Forcible Entry · Pulley System,Closet Pikes,2,,,
Squad 61,Officer's Side Compartment Over Wheel,Hand Tools · Forcible Entry · Pulley System,Slings,1,,,
Squad 61,Officer's Side Compartment Over Wheel,Hand Tools · Forcible Entry · Pulley System,Pulley System,1,,,
Squad 61,Officer's Side Rear Compartment,Toolboxes · Wrenches · Sockets · Cribbing · Ratchet Straps,Toolbox with SAE & Metric Wrenches,1,,,
Squad 61,Officer's Side Rear Compartment,Toolboxes · Wrenches · Sockets · Cribbing · Ratchet Straps,Standard Toolbox,1,,,
Squad 61,Officer's Side Rear Compartment,Toolboxes · Wrenches · Sockets · Cribbing · Ratchet Straps,Socket Sets,1,,,
Squad 61,Officer's Side Rear Compartment,Toolboxes · Wrenches · Sockets · Cribbing · Ratchet Straps,More Cribbing & Wedges,1,,,
Squad 61,Officer's Side Rear Compartment,Toolboxes · Wrenches · Sockets · Cribbing · Ratchet Straps,Ratchet Straps,1,,,
Squad 61,"Rear Compartment — ""The Big Stuff""",Air Bags · Fire Extinguishers · Stokes · Pike Poles · Smoke Ejectors,Multi-Lift Air Bags with Controller,1,,,
Squad 61,"Rear Compartment — ""The Big Stuff""",Air Bags · Fire Extinguishers · Stokes · Pike Poles · Smoke Ejectors,Old Air Bag,1,,,
Squad 61,"Rear Compartment — ""The Big Stuff""",Air Bags · Fire Extinguishers · Stokes · Pike Poles · Smoke Ejectors,Fire Extinguishers,1,,,
Squad 61,"Rear Compartment — ""The Big Stuff""",Air Bags · Fire Extinguishers · Stokes · Pike Poles · Smoke Ejectors,Stokes Basket,1,,,
Squad 61,"Rear Compartment — ""The Big Stuff""",Air Bags · Fire Extinguishers · Stokes · Pike Poles · Smoke Ejectors,Fire Investigation Rake,1,,,
Squad 61,"Rear Compartment — ""The Big Stuff""",Air Bags · Fire Extinguishers · Stokes · Pike Poles · Smoke Ejectors,Pike Poles / NY Hooks,4,,,
Squad 61,"Rear Compartment — ""The Big Stuff""",Air Bags · Fire Extinguishers · Stokes · Pike Poles · Smoke Ejectors,Smoke Ejectors,2,,,
Squad 61,Officer Coffin Compartment (Top) — Spill Gear,Pads · Oil Dry · Spill Kit · Oil Pan · Shovels,Absorbent Pads,1,,,
Squad 61,Officer Coffin Compartment (Top) — Spill Gear,Pads · Oil Dry · Spill Kit · Oil Pan · Shovels,Oil Dry (Top Compartment),1,,,
Squad 61,Officer Coffin Compartment (Top) — Spill Gear,Pads · Oil Dry · Spill Kit · Oil Pan · Shovels,Spill Kit,1,,,
Squad 61,Officer Coffin Compartment (Top) — Spill Gear,Pads · Oil Dry · Spill Kit · Oil Pan · Shovels,Oil Pan,1,,,
Squad 61,Officer Coffin Compartment (Top) — Spill Gear,Pads · Oil Dry · Spill Kit · Oil Pan · Shovels,Shovels,1,,,
Squad 61,Driver Coffin Compartment — Water Rescue Gear,Mustang Suits · Horse Collars · Helmets · Throw Bags · PFDs · Pipe Plugs,Mustang Suits,2,,,
Squad 61,Driver Coffin Compartment — Water Rescue Gear,Mustang Suits · Horse Collars · Helmets · Throw Bags · PFDs · Pipe Plugs,Horse Collars with Water Rescue Rope,2,,,
Squad 61,Driver Coffin Compartment — Water Rescue Gear,Mustang Suits · Horse Collars · Helmets · Throw Bags · PFDs · Pipe Plugs,Helmets (Water Rescue),2,,,
Squad 61,Driver Coffin Compartment — Water Rescue Gear,Mustang Suits · Horse Collars · Helmets · Throw Bags · PFDs · Pipe Plugs,Throw Bags,2,,,
Squad 61,Driver Coffin Compartment — Water Rescue Gear,Mustang Suits · Horse Collars · Helmets · Throw Bags · PFDs · Pipe Plugs,PFDs (Personal Flotation Devices),4,,,
Squad 61,Driver Coffin Compartment — Water Rescue Gear,Mustang Suits · Horse Collars · Helmets · Throw Bags · PFDs · Pipe Plugs,Box with Pipe Plugs,1,,,
Squad 61,Cab and EMS Compartment,Chargers · Hotstick · Gas Detector · AED,Spare Chargers & Batteries,1,,,
Squad 61,Cab and EMS Compartment,Chargers · Hotstick · Gas Detector · AED,Hotstick,1,,,
Squad 61,Cab and EMS Compartment,Chargers · Hotstick · Gas Detector · AED,Gas Track,1,,,
Squad 61,Cab and EMS Compartment,Chargers · Hotstick · Gas Detector · AED,4-Gas Detector and Wand,1,,,
Squad 61,Cab and EMS Compartment,Chargers · Hotstick · Gas Detector · AED,AED — Automated External Defibrillator,1,,,
